{
    "debug": false,
    "no_parameters": 2,
    "_comment": "solver_module_path will be set automatically from process.py",
    "no_observations": 64,
    "transformations": [
        [
            "normal_to_lognormal",
            {
                "mu": -35,
                "sigma": 3
            }
        ],
        [
            "normal_to_beta",
            {
                "alfa": 5,
                "beta": 5
            }
        ]
    ],
    "problem_parameters": {
        "_comment_prior": "if prior_mean and prior_std is not specified, default internal distribution is N(0,1)",
        "_prior_mean": [
            0,
            0
        ],
        "_prior_std": [
            1,
            1
        ],
        "_comment1": "observations will be set by measured_data.py automatically",
        "observations": [
            106.07775083457133,
            647.5059928392344,
            765.5063872617513,
            785.9363931327391,
            748.3550543832835,
            703.4567572107733,
            643.7049325054005,
            611.1900512304194,
            592.5808192428873,
            561.2502712781712,
            527.3715452902402,
            509.21350332429677,
            517.7953132052013,
            513.0324218254965,
            492.0973770988961,
            485.57034676820814,
            418.8358006239784,
            446.8545403929782,
            526.6506928641855,
            571.9157058069421,
            589.4629893880868,
            597.1265699897979,
            600.2299711530464,
            604.5581921411632,
            604.7600668142031,
            604.3030677211254,
            599.781937658204,
            597.4747113601971,
            599.5237522649612,
            603.5162075985,
            602.2570078823888,
            600.6250273964256,
            582.2586367492265,
            56.84448702760535,
            47.157646765770906,
            42.80223297589835,
            42.74533613439,
            45.60841906896111,
            50.8290096375545,
            56.832308633239016,
            61.373263412276785,
            59.7197059469672,
            59.843263888225934,
            65.2862697054716,
            77.28200598529702,
            82.59519242462804,
            81.3198908341026,
            81.70885515375782,
            161.64850011753842,
            187.1707642868997,
            182.76526641348053,
            191.50618503655795,
            200.7886287898105,
            207.5598510729917,
            212.97205051103523,
            219.9265975657882,
            224.58894066972934,
            227.92156777635643,
            230.46602601245695,
            234.91244244005944,
            239.5132460898639,
            248.2467684454974,
            254.3750665980536,
            256.07655746197423
        ],
        "noise_std": 10.0
    },
    "_comment2": "solver_module_path will be set automatically from process.py",
    "solver_module_path": "/home/domesova/GIT/Endorse-2Dtest-Bayes/flow_wrapper.py",
    "solver_module_name": "flow_wrapper",
    "solver_init_name": "Wrapper",
    "solver_returns_tag": true,
    "save_raw_data": true,
    "save_transformed_data": true,
    "solver_parameters": {},
    "no_solvers": 2,
    "samplers_list": [
        {
            "type": "MH",
            "max_samples": 4,
            "time_limit": 600,
            "proposal_std": 0.5,
            "surrogate_is_updated": true
        },
        {
            "type": "DAMH",
            "max_samples": 4,
            "time_limit": 600,
            "proposal_std": 0.3,
            "surrogate_is_updated": true
        },
        {
            "type": "DAMH",
            "max_samples": 4,
            "time_limit": 600,
            "proposal_std": 0.3,
            "surrogate_is_updated": false
        }
    ],
    "surrogate_type": "rbf",
    "surr_solver_parameters": {
        "kernel_type": 1
    },
    "surr_updater_parameters": {
        "kernel_type": 1,
        "no_keep": 500,
        "expensive": false
    },
    "noise_type": "Gaussian_process",
    "noise_grid": [
        0.0,
        10.0,
        17.0,
        27.0,
        37.0,
        47.0,
        57.0,
        67.0,
        77.0,
        87.0,
        97.0,
        107.0,
        117.0,
        127.0,
        137.0,
        140.0
    ],
    "noise_parameters": [
        [
            30,
            50
        ],
        [
            30,
            50
        ],
        [
            30,
            50
        ],
        [
            30,
            50
        ]
    ]
}