{
    "debug": false,
    "no_parameters": 2,
    "no_observations": 128,
    "problem_parameters": {
        "prior_mean": [-35, 0],
        "prior_std": [5,1],
        "observations": [3.00000000e+02,  5.07678897e+02,  6.53483570e+02,  6.74320980e+02,
        6.74592014e+02,  6.74901969e+02,  6.75278086e+02,  6.75542602e+02,
        6.75667447e+02,  6.75577129e+02,  6.75249971e+02,  6.74177165e+02,
        6.72496694e+02,  6.70204688e+02,  6.67315842e+02,  6.63859550e+02,
        6.59875954e+02,  6.55412285e+02,  6.50519747e+02,  6.45251003e+02,
        6.39658254e+02,  6.33791840e+02,  6.27699290e+02,  6.21424722e+02,
        6.15008523e+02,  6.08487230e+02,  6.01893567e+02,  5.95256575e+02,
        5.88601822e+02,  5.81951635e+02,  5.75325374e+02,  5.71362047e+02,
        3.00000000e+02,  4.22873704e+02,  5.09209159e+02,  5.21548438e+02,
        5.21779412e+02,  5.22000914e+02,  5.22230125e+02,  5.22386529e+02,
        5.22501688e+02,  5.22567863e+02,  5.22599164e+02,  5.22593204e+02,
        5.22545801e+02,  5.22459429e+02,  5.22330995e+02,  5.22154217e+02,
        5.21921276e+02,  5.21623944e+02,  5.21254341e+02,  5.20805415e+02,
        5.20271230e+02,  5.19647098e+02,  5.18929623e+02,  5.18116664e+02,
        5.17207260e+02,  5.16201522e+02,  5.15100517e+02,  5.13906132e+02,
        5.12620958e+02,  5.11248163e+02,  5.09791381e+02,  5.08887913e+02,
        3.00000000e+02,  9.51942535e+01, -4.42882319e+01, -6.41416248e+01,
       -6.16132000e+01, -5.89128108e+01, -5.56618840e+01, -5.30200376e+01,
       -5.05032268e+01, -4.84186481e+01, -4.66292039e+01, -4.42993602e+01,
       -4.21177958e+01, -3.99495394e+01, -3.77088076e+01, -3.53440479e+01,
       -3.28275511e+01, -3.01481008e+01, -2.73057436e+01, -2.43080337e+01,
       -2.11673326e+01, -1.78988713e+01, -1.45193697e+01, -1.10460631e+01,
       -7.49602764e+00, -3.88572618e+00, -2.30713676e-01,  3.45454024e+00,
        7.15674476e+00,  1.08638215e+01,  1.45648965e+01,  1.67811862e+01,
        3.00000000e+02,  2.09405740e+02,  1.46327411e+02,  1.37322956e+02,
        1.37515384e+02,  1.37752064e+02,  1.38082345e+02,  1.38381999e+02,
        1.38692712e+02,  1.38961178e+02,  1.39191052e+02,  1.39462950e+02,
        1.39675310e+02,  1.39840266e+02,  1.39968572e+02,  1.40069668e+02,
        1.40151791e+02,  1.40222120e+02,  1.40286886e+02,  1.40351483e+02,
        1.40420550e+02,  1.40498055e+02,  1.40587359e+02,  1.40691280e+02,
        1.40812143e+02,  1.40951832e+02,  1.41111839e+02,  1.41293302e+02,
        1.41497047e+02,  1.41723623e+02,  1.41973337e+02,  1.42131531e+02],
        "noise_std": 10.0
    },
    "paths_to_append": [
        "/home/domesova/GIT/Endorse-2Dtest-Bayes",
        "/home/domesova/GIT/Endorse-2Dtest-Bayes/MCMC-Bayes-python/surrDAMH"
    ],
    "solver_module_path": "/home/domesova/GIT/Endorse-2Dtest-Bayes/flow_wrapper.py",
    "solver_module_name": "flow_wrapper",
    "solver_init_name": "Wrapper",
    "solver_returns_tag": true,
    "save_raw_data": true,
    "solver_parameters": {
    },
    "no_solvers": 2,
    "samplers_list": [
        {
            "type": "MH",
            "max_samples": 5,
            "time_limit": 1200,
            "proposal_std": 0.5,
            "surrogate_is_updated": false
        }
    ]
}

