{
    "debug": false,
    "no_parameters": 2,
    "_comment": "no_observations will be set by measured_data.py automatically",
    "no_observations": 64,
    "problem_parameters": {
        "prior_mean": [
            -35,
            0
        ],
        "prior_std": [
            5,
            1
        ],
        "_comment": "observations will be set by measured_data.py automatically",
        "observations": [
            106.07775083457133,
            647.5059928392344,
            765.5063872617513,
            785.9363931327391,
            748.3550543832835,
            703.4567572107733,
            643.7049325054005,
            611.1900512304194,
            592.5808192428873,
            561.2502712781712,
            527.3715452902402,
            509.21350332429677,
            517.7953132052013,
            513.0324218254965,
            492.0973770988961,
            485.57034676820814,
            418.8358006239784,
            446.8545403929782,
            526.6506928641855,
            571.9157058069421,
            589.4629893880868,
            597.1265699897979,
            600.2299711530464,
            604.5581921411632,
            604.7600668142031,
            604.3030677211254,
            599.781937658204,
            597.4747113601971,
            599.5237522649612,
            603.5162075985,
            602.2570078823888,
            600.6250273964256,
            582.2586367492265,
            56.84448702760535,
            47.157646765770906,
            42.80223297589835,
            42.74533613439,
            45.60841906896111,
            50.8290096375545,
            56.832308633239016,
            61.373263412276785,
            59.7197059469672,
            59.843263888225934,
            65.2862697054716,
            77.28200598529702,
            82.59519242462804,
            81.3198908341026,
            81.70885515375782,
            161.64850011753842,
            187.1707642868997,
            182.76526641348053,
            191.50618503655795,
            200.7886287898105,
            207.5598510729917,
            212.97205051103523,
            219.9265975657882,
            224.58894066972934,
            227.92156777635643,
            230.46602601245695,
            234.91244244005944,
            239.5132460898639,
            248.2467684454974,
            254.3750665980536,
            256.07655746197423
        ],
        "noise_std": 10.0
    },
    "solver_module_path": "/home/paulie/Workspace/Endorse-2Dtest-Bayes/flow_wrapper.py",
    "solver_module_name": "flow_wrapper",
    "solver_init_name": "Wrapper",
    "solver_returns_tag": true,
    "save_raw_data": true,
    "solver_parameters": {},
    "no_solvers": 2,
    "samplers_list": [
        {
            "type": "MH",
            "max_samples": 5,
            "time_limit": 1200,
            "proposal_std": 0.5,
            "surrogate_is_updated": false
        }
    ]
}